{
  "startLat": 53.53296196255539,
  "startLong": 9.965629577636719,
  "endLat": 51.503039451809734,
  "endLong": 0.45069694519042963
}
